image,Prediccion
image_0001.jpg,Buena calidad
image_0002.jpg,Buena calidad
image_0003.jpg,Buena calidad
image_0004.jpg,Buena calidad
image_0005.jpg,Buena calidad
image_0007.jpg,Buena calidad
image_0008.jpg,Buena calidad
image_0010.jpg,Buena calidad
image_0011.jpg,Buena calidad
image_0012.jpg,Buena calidad
image_0013.jpg,Buena calidad
image_0014.jpg,Buena calidad
image_0015.jpg,Buena calidad
image_0016.jpg,Buena calidad
image_0017.jpg,Buena calidad
image_0018.jpg,Buena calidad
image_0019.jpg,Buena calidad
image_0020.jpg,Buena calidad
image_0021.jpg,Buena calidad
image_0022.jpg,Buena calidad
image_0024.jpg,Buena calidad
image_0025.jpg,Buena calidad
image_0026.jpg,Buena calidad
image_0027.jpg,Buena calidad
image_0028.jpg,Buena calidad
image_0029.jpg,Buena calidad
image_0030.jpg,Buena calidad
image_0031.jpg,Buena calidad
image_0033.jpg,Buena calidad
image_0034.jpg,Buena calidad
image_0035.jpg,Buena calidad
image_0036.jpg,Buena calidad
image_0037.jpg,Buena calidad
image_0039.jpg,Buena calidad
image_0041.jpg,Buena calidad
image_0042.jpg,Buena calidad
image_0043.jpg,Buena calidad
image_0044.jpg,Buena calidad
image_0045.jpg,Buena calidad
image_0046.jpg,Buena calidad
image_0047.jpg,Buena calidad
image_0049.jpg,Buena calidad
image_0050.jpg,Buena calidad
image_0051.jpg,Buena calidad
image_0052.jpg,Buena calidad
image_0053.jpg,Buena calidad
image_0054.jpg,Buena calidad
image_0055.jpg,Buena calidad
image_0056.jpg,Buena calidad
image_0057.jpg,Buena calidad
image_0058.jpg,Buena calidad
image_0059.jpg,Buena calidad
image_0060.jpg,Buena calidad
image_0061.jpg,Buena calidad
image_0062.jpg,Buena calidad
image_0063.jpg,Buena calidad
image_0064.jpg,Buena calidad
image_0066.jpg,Buena calidad
image_0070.jpg,Buena calidad
image_0071.jpg,Buena calidad
image_0072.jpg,Buena calidad
image_0073.jpg,Buena calidad
image_0074.jpg,Buena calidad
image_0075.jpg,Buena calidad
image_0076.jpg,Buena calidad
image_0077.jpg,Buena calidad
image_0079.jpg,Buena calidad
image_0080.jpg,Buena calidad
image_0081.jpg,Buena calidad
image_0082.jpg,Buena calidad
image_0083.jpg,Buena calidad
image_0084.jpg,Buena calidad
image_0085.jpg,Buena calidad
image_0087.jpg,Buena calidad
image_0088.jpg,Buena calidad
image_0089.jpg,Buena calidad
image_0090.jpg,Buena calidad
image_0091.jpg,Buena calidad
image_0092.jpg,Buena calidad
image_0093.jpg,Buena calidad
image_0095.jpg,Buena calidad
image_0096.jpg,Buena calidad
image_0097.jpg,Buena calidad
image_0102.jpg,Buena calidad
image_0103.jpg,Buena calidad
image_0104.jpg,Buena calidad
image_0105.jpg,Buena calidad
image_0106.jpg,Buena calidad
image_0107.jpg,Buena calidad
image_0108.jpg,Buena calidad
image_0109.jpg,Buena calidad
image_0110.jpg,Buena calidad
image_0111.jpg,Buena calidad
image_0112.jpg,Buena calidad
image_0114.jpg,Buena calidad
image_0115.jpg,Buena calidad
image_0117.jpg,Buena calidad
image_0118.jpg,Buena calidad
image_0119.jpg,Buena calidad
image_0120.jpg,Buena calidad
image_0121.jpg,Buena calidad
image_0122.jpg,Buena calidad
image_0124.jpg,Buena calidad
image_0125.jpg,Buena calidad
image_0126.jpg,Buena calidad
image_0127.jpg,Buena calidad
image_0129.jpg,Buena calidad
image_0130.jpg,Buena calidad
image_0133.jpg,Buena calidad
image_0134.jpg,Buena calidad
image_0135.jpg,Buena calidad
image_0136.jpg,Buena calidad
image_0137.jpg,Buena calidad
image_0139.jpg,Buena calidad
image_0141.jpg,Buena calidad
image_0143.jpg,Buena calidad
image_0144.jpg,Buena calidad
image_0145.jpg,Buena calidad
image_0146.jpg,Buena calidad
image_0148.jpg,Buena calidad
image_0149.jpg,Buena calidad
image_0150.jpg,Buena calidad
image_0152.jpg,Buena calidad
image_0153.jpg,Buena calidad
image_0154.jpg,Buena calidad
image_0155.jpg,Buena calidad
image_0156.jpg,Buena calidad
image_0157.jpg,Buena calidad
image_0158.jpg,Buena calidad
image_0159.jpg,Buena calidad
image_0160.jpg,Buena calidad
image_0161.jpg,Buena calidad
image_0162.jpg,Buena calidad
image_0164.jpg,Buena calidad
image_0165.jpg,Buena calidad
image_0166.jpg,Buena calidad
image_0167.jpg,Buena calidad
image_0168.jpg,Buena calidad
image_0169.jpg,Buena calidad
image_0170.jpg,Buena calidad
image_0171.jpg,Buena calidad
image_0172.jpg,Buena calidad
image_0173.jpg,Buena calidad
image_0177.jpg,Buena calidad
image_0178.jpg,Buena calidad
image_0179.jpg,Buena calidad
image_0180.jpg,Buena calidad
image_0181.jpg,Buena calidad
image_0182.jpg,Buena calidad
image_0183.jpg,Buena calidad
image_0184.jpg,Buena calidad
image_0185.jpg,Buena calidad
image_0186.jpg,Buena calidad
image_0187.jpg,Buena calidad
image_0188.jpg,Buena calidad
image_0189.jpg,Buena calidad
image_0191.jpg,Buena calidad
image_0192.jpg,Buena calidad
image_0193.jpg,Buena calidad
image_0194.jpg,Buena calidad
image_0195.jpg,Buena calidad
image_0196.jpg,Buena calidad
image_0197.jpg,Buena calidad
image_0198.jpg,Buena calidad
image_0199.jpg,Buena calidad
image_0200.jpg,Buena calidad
image_0201.jpg,Buena calidad
image_0203.jpg,Buena calidad
image_0205.jpg,Buena calidad
image_0209.jpg,Buena calidad
image_0210.jpg,Buena calidad
image_0211.jpg,Buena calidad
image_0212.jpg,Buena calidad
image_0213.jpg,Buena calidad
image_0214.jpg,Buena calidad
image_0215.jpg,Buena calidad
image_0216.jpg,Buena calidad
image_0217.jpg,Buena calidad
image_0218.jpg,Buena calidad
image_0219.jpg,Buena calidad
image_0220.jpg,Buena calidad
image_0221.jpg,Buena calidad
image_0222.jpg,Buena calidad
image_0224.jpg,Buena calidad
image_0226.jpg,Buena calidad
image_0227.jpg,Buena calidad
image_0228.jpg,Buena calidad
image_0229.jpg,Buena calidad
image_0231.jpg,Buena calidad
image_0232.jpg,Buena calidad
image_0233.jpg,Buena calidad
image_0234.jpg,Buena calidad
image_0236.jpg,Buena calidad
image_0237.jpg,Buena calidad
image_0238.jpg,Buena calidad
image_0239.jpg,Buena calidad
image_0240.jpg,Buena calidad
image_0241.jpg,Buena calidad
image_0242.jpg,Buena calidad
image_0243.jpg,Buena calidad
image_0244.jpg,Buena calidad
image_0246.jpg,Buena calidad
image_0247.jpg,Buena calidad
image_0249.jpg,Buena calidad
image_0250.jpg,Buena calidad
image_0253.jpg,Buena calidad
image_0254.jpg,Buena calidad
image_0255.jpg,Buena calidad
image_0256.jpg,Buena calidad
image_0257.jpg,Buena calidad
image_0258.jpg,Buena calidad
image_0259.jpg,Buena calidad
image_0260.jpg,Buena calidad
image_0261.jpg,Buena calidad
image_0262.jpg,Buena calidad
image_0264.jpg,Buena calidad
image_0266.jpg,Buena calidad
image_0267.jpg,Buena calidad
image_0268.jpg,Buena calidad
image_0269.jpg,Buena calidad
image_0270.jpg,Buena calidad
image_0271.jpg,Buena calidad
image_0273.jpg,Buena calidad
image_0274.jpg,Buena calidad
image_0275.jpg,Buena calidad
image_0277.jpg,Buena calidad
image_0278.jpg,Buena calidad
image_0279.jpg,Buena calidad
image_0280.jpg,Buena calidad
image_0282.jpg,Buena calidad
image_0283.jpg,Buena calidad
image_0284.jpg,Buena calidad
image_0285.jpg,Buena calidad
image_0286.jpg,Buena calidad
image_0287.jpg,Buena calidad
image_0288.jpg,Buena calidad
image_0289.jpg,Buena calidad
image_0290.jpg,Buena calidad
image_0291.jpg,Buena calidad
image_0292.jpg,Buena calidad
image_0294.jpg,Buena calidad
image_0295.jpg,Buena calidad
image_0296.jpg,Buena calidad
image_0297.jpg,Buena calidad
image_0298.jpg,Buena calidad
image_0299.jpg,Buena calidad
image_0300.jpg,Buena calidad
image_0301.jpg,Buena calidad
image_0303.jpg,Buena calidad
image_0304.jpg,Buena calidad
image_0305.jpg,Buena calidad
image_0306.jpg,Buena calidad
image_0307.jpg,Buena calidad
image_0308.jpg,Buena calidad
image_0309.jpg,Buena calidad
image_0310.jpg,Buena calidad
image_0311.jpg,Buena calidad
image_0313.jpg,Buena calidad
image_0316.jpg,Buena calidad
image_0319.jpg,Buena calidad
image_0320.jpg,Buena calidad
image_0322.jpg,Buena calidad
image_0324.jpg,Buena calidad
image_0325.jpg,Buena calidad
image_0326.jpg,Buena calidad
image_0327.jpg,Buena calidad
image_0328.jpg,Buena calidad
image_0329.jpg,Buena calidad
image_0330.jpg,Buena calidad
image_0331.jpg,Buena calidad
image_0332.jpg,Buena calidad
image_0333.jpg,Buena calidad
image_0334.jpg,Buena calidad
image_0338.jpg,Buena calidad
image_0339.jpg,Buena calidad
image_0340.jpg,Buena calidad
image_0342.jpg,Buena calidad
image_0344.jpg,Buena calidad
image_0345.jpg,Buena calidad
image_0346.jpg,Buena calidad
image_0347.jpg,Buena calidad
image_0348.jpg,Buena calidad
image_0349.jpg,Buena calidad
image_0351.jpg,Buena calidad
image_0352.jpg,Buena calidad
image_0354.jpg,Buena calidad
image_0356.jpg,Buena calidad
image_0357.jpg,Buena calidad
image_0358.jpg,Buena calidad
image_0361.jpg,Buena calidad
image_0362.jpg,Buena calidad
image_0363.jpg,Buena calidad
image_0365.jpg,Buena calidad
image_0367.jpg,Buena calidad
image_0368.jpg,Buena calidad
image_0369.jpg,Buena calidad
image_0370.jpg,Buena calidad
image_0371.jpg,Buena calidad
image_0372.jpg,Buena calidad
image_0374.jpg,Buena calidad
image_0375.jpg,Buena calidad
image_0376.jpg,Buena calidad
image_0377.jpg,Buena calidad
image_0379.jpg,Buena calidad
image_0380.jpg,Buena calidad
image_0381.jpg,Buena calidad
image_0382.jpg,Buena calidad
image_0383.jpg,Buena calidad
image_0384.jpg,Buena calidad
image_0386.jpg,Buena calidad
image_0387.jpg,Buena calidad
image_0388.jpg,Buena calidad
image_0389.jpg,Buena calidad
image_0391.jpg,Buena calidad
image_0392.jpg,Buena calidad
image_0393.jpg,Buena calidad
image_0394.jpg,Buena calidad
image_0395.jpg,Buena calidad
image_0398.jpg,Buena calidad
image_0399.jpg,Buena calidad
image_0400.jpg,Buena calidad
image_0401.jpg,Buena calidad
image_0402.jpg,Buena calidad
image_0403.jpg,Buena calidad
image_0404.jpg,Buena calidad
image_0406.jpg,Buena calidad
image_0407.jpg,Buena calidad
image_0408.jpg,Buena calidad
image_0409.jpg,Buena calidad
image_0410.jpg,Buena calidad
image_0412.jpg,Buena calidad
image_0413.jpg,Buena calidad
image_0414.jpg,Buena calidad
image_0416.jpg,Buena calidad
image_0417.jpg,Buena calidad
image_0418.jpg,Buena calidad
image_0419.jpg,Buena calidad
image_0420.jpg,Buena calidad
image_0422.jpg,Buena calidad
image_0424.jpg,Buena calidad
image_0425.jpg,Buena calidad
image_0426.jpg,Buena calidad
image_0427.jpg,Buena calidad
image_0430.jpg,Buena calidad
image_0431.jpg,Buena calidad
image_0432.jpg,Buena calidad
image_0433.jpg,Buena calidad
image_0434.jpg,Buena calidad
image_0435.jpg,Buena calidad
image_0436.jpg,Buena calidad
image_0437.jpg,Buena calidad
image_0438.jpg,Buena calidad
image_0441.jpg,Buena calidad
image_0442.jpg,Buena calidad
image_0443.jpg,Buena calidad
image_0445.jpg,Buena calidad
image_0446.jpg,Buena calidad
image_0447.jpg,Buena calidad
image_0448.jpg,Buena calidad
image_0449.jpg,Buena calidad
image_0450.jpg,Buena calidad
image_0451.jpg,Buena calidad
image_0452.jpg,Buena calidad
image_0453.jpg,Buena calidad
image_0454.jpg,Buena calidad
image_0455.jpg,Buena calidad
image_0456.jpg,Buena calidad
image_0457.jpg,Buena calidad
image_0458.jpg,Buena calidad
image_0459.jpg,Buena calidad
image_0461.jpg,Buena calidad
image_0462.jpg,Buena calidad
image_0463.jpg,Buena calidad
image_0464.jpg,Buena calidad
image_0465.jpg,Buena calidad
image_0466.jpg,Buena calidad
image_0467.jpg,Buena calidad
image_0468.jpg,Buena calidad
image_0469.jpg,Buena calidad
image_0470.jpg,Buena calidad
image_0471.jpg,Buena calidad
image_0472.jpg,Buena calidad
image_0473.jpg,Buena calidad
image_0474.jpg,Buena calidad
image_0475.jpg,Buena calidad
image_0476.jpg,Buena calidad
image_0477.jpg,Buena calidad
image_0478.jpg,Buena calidad
image_0479.jpg,Buena calidad
image_0480.jpg,Buena calidad
image_0481.jpg,Buena calidad
image_0482.jpg,Buena calidad
image_0485.jpg,Buena calidad
image_0486.jpg,Buena calidad
image_0487.jpg,Buena calidad
image_0488.jpg,Buena calidad
image_0489.jpg,Buena calidad
image_0490.jpg,Buena calidad
image_0492.jpg,Buena calidad
image_0493.jpg,Buena calidad
image_0494.jpg,Buena calidad
image_0496.jpg,Buena calidad
image_0497.jpg,Buena calidad
image_0498.jpg,Buena calidad
image_0499.jpg,Buena calidad
image_0501.jpg,Buena calidad
image_0502.jpg,Buena calidad
image_0503.jpg,Buena calidad
image_0504.jpg,Buena calidad
image_0505.jpg,Buena calidad
image_0506.jpg,Buena calidad
image_0508.jpg,Buena calidad
image_0509.jpg,Buena calidad
image_0510.jpg,Buena calidad
image_0511.jpg,Buena calidad
image_0512.jpg,Buena calidad
image_0516.jpg,Buena calidad
image_0518.jpg,Buena calidad
image_0520.jpg,Buena calidad
image_0521.jpg,Buena calidad
image_0522.jpg,Buena calidad
image_0523.jpg,Buena calidad
image_0524.jpg,Buena calidad
image_0526.jpg,Buena calidad
image_0528.jpg,Buena calidad
image_0531.jpg,Buena calidad
image_0532.jpg,Buena calidad
image_0533.jpg,Buena calidad
image_0535.jpg,Buena calidad
image_0536.jpg,Buena calidad
image_0537.jpg,Buena calidad
image_0538.jpg,Buena calidad
image_0540.jpg,Buena calidad
image_0541.jpg,Buena calidad
image_0542.jpg,Buena calidad
image_0543.jpg,Buena calidad
image_0544.jpg,Buena calidad
image_0547.jpg,Buena calidad
image_0548.jpg,Buena calidad
image_0549.jpg,Buena calidad
image_0550.jpg,Buena calidad
image_0552.jpg,Buena calidad
image_0553.jpg,Buena calidad
image_0555.jpg,Buena calidad
image_0556.jpg,Buena calidad
image_0557.jpg,Buena calidad
image_0558.jpg,Buena calidad
image_0561.jpg,Buena calidad
image_0562.jpg,Buena calidad
image_0563.jpg,Buena calidad
image_0564.jpg,Buena calidad
image_0566.jpg,Buena calidad
image_0567.jpg,Buena calidad
image_0568.jpg,Buena calidad
image_0569.jpg,Buena calidad
image_0570.jpg,Buena calidad
image_0572.jpg,Buena calidad
image_0573.jpg,Buena calidad
image_0575.jpg,Buena calidad
image_0577.jpg,Buena calidad
image_0578.jpg,Buena calidad
image_0579.jpg,Buena calidad
image_0580.jpg,Buena calidad
image_0581.jpg,Buena calidad
image_0582.jpg,Buena calidad
image_0583.jpg,Buena calidad
image_0584.jpg,Buena calidad
image_0586.jpg,Buena calidad
image_0587.jpg,Buena calidad
image_0589.jpg,Buena calidad
image_0590.jpg,Buena calidad
image_0591.jpg,Buena calidad
image_0592.jpg,Buena calidad
image_0593.jpg,Buena calidad
image_0594.jpg,Buena calidad
image_0595.jpg,Buena calidad
image_0597.jpg,Buena calidad
image_0600.jpg,Buena calidad
image_0601.jpg,Buena calidad
image_0602.jpg,Buena calidad
image_0604.jpg,Buena calidad
image_0606.jpg,Buena calidad
image_0607.jpg,Buena calidad
image_0608.jpg,Buena calidad
image_0609.jpg,Buena calidad
image_0610.jpg,Buena calidad
image_0611.jpg,Buena calidad
image_0612.jpg,Buena calidad
image_0613.jpg,Buena calidad
image_0614.jpg,Buena calidad
image_0615.jpg,Buena calidad
image_0616.jpg,Buena calidad
image_0619.jpg,Buena calidad
image_0620.jpg,Buena calidad
image_0621.jpg,Buena calidad
image_0622.jpg,Buena calidad
image_0623.jpg,Buena calidad
image_0624.jpg,Buena calidad
image_0625.jpg,Buena calidad
image_0628.jpg,Buena calidad
image_0629.jpg,Buena calidad
image_0630.jpg,Buena calidad
image_0631.jpg,Buena calidad
image_0632.jpg,Buena calidad
image_0633.jpg,Buena calidad
image_0634.jpg,Buena calidad
image_0635.jpg,Buena calidad
image_0636.jpg,Buena calidad
image_0637.jpg,Buena calidad
image_0638.jpg,Buena calidad
image_0640.jpg,Buena calidad
image_0641.jpg,Buena calidad
image_0643.jpg,Buena calidad
image_0644.jpg,Buena calidad
image_0645.jpg,Buena calidad
image_0646.jpg,Buena calidad
image_0647.jpg,Buena calidad
image_0648.jpg,Buena calidad
image_0649.jpg,Buena calidad
image_0650.jpg,Buena calidad
image_0651.jpg,Buena calidad
image_0652.jpg,Buena calidad
image_0653.jpg,Buena calidad
image_0654.jpg,Buena calidad
image_0655.jpg,Buena calidad
image_0656.jpg,Buena calidad
image_0657.jpg,Buena calidad
image_0658.jpg,Buena calidad
image_0659.jpg,Buena calidad
image_0660.jpg,Buena calidad
image_0661.jpg,Buena calidad
image_0662.jpg,Buena calidad
image_0664.jpg,Buena calidad
image_0665.jpg,Buena calidad
image_0667.jpg,Buena calidad
image_0669.jpg,Buena calidad
image_0670.jpg,Buena calidad
image_0671.jpg,Buena calidad
image_0672.jpg,Buena calidad
image_0673.jpg,Buena calidad
image_0674.jpg,Buena calidad
image_0675.jpg,Buena calidad
image_0676.jpg,Buena calidad
image_0677.jpg,Buena calidad
image_0678.jpg,Buena calidad
image_0679.jpg,Buena calidad
image_0680.jpg,Buena calidad
image_0682.jpg,Buena calidad
image_0683.jpg,Buena calidad
image_0684.jpg,Buena calidad
image_0685.jpg,Buena calidad
image_0686.jpg,Buena calidad
image_0687.jpg,Buena calidad
image_0688.jpg,Buena calidad
image_0689.jpg,Buena calidad
image_0691.jpg,Buena calidad
image_0692.jpg,Buena calidad
image_0694.jpg,Buena calidad
image_0695.jpg,Buena calidad
image_0696.jpg,Buena calidad
image_0697.jpg,Buena calidad
image_0698.jpg,Buena calidad
image_0699.jpg,Buena calidad
image_0702.jpg,Buena calidad
image_0703.jpg,Buena calidad
image_0704.jpg,Buena calidad
image_0705.jpg,Buena calidad
image_0707.jpg,Buena calidad
image_0708.jpg,Buena calidad
image_0709.jpg,Buena calidad
image_0711.jpg,Buena calidad
image_0713.jpg,Buena calidad
image_0714.jpg,Buena calidad
image_0715.jpg,Buena calidad
image_0716.jpg,Buena calidad
image_0717.jpg,Buena calidad
image_0718.jpg,Buena calidad
image_0721.jpg,Buena calidad
image_0722.jpg,Buena calidad
image_0723.jpg,Buena calidad
image_0724.jpg,Buena calidad
image_0725.jpg,Buena calidad
image_0726.jpg,Buena calidad
image_0727.jpg,Buena calidad
image_0728.jpg,Buena calidad
image_0729.jpg,Buena calidad
image_0730.jpg,Buena calidad
image_0731.jpg,Buena calidad
image_0732.jpg,Buena calidad
image_0733.jpg,Buena calidad
image_0734.jpg,Buena calidad
image_0735.jpg,Buena calidad
image_0736.jpg,Buena calidad
image_0737.jpg,Buena calidad
image_0738.jpg,Buena calidad
image_0739.jpg,Buena calidad
image_0741.jpg,Buena calidad
image_0742.jpg,Buena calidad
image_0743.jpg,Buena calidad
image_0744.jpg,Buena calidad
image_0745.jpg,Buena calidad
image_0746.jpg,Buena calidad
image_0747.jpg,Buena calidad
image_0748.jpg,Buena calidad
image_0749.jpg,Buena calidad
image_0751.jpg,Buena calidad
image_0752.jpg,Buena calidad
image_0753.jpg,Buena calidad
image_0754.jpg,Buena calidad
image_0757.jpg,Buena calidad
image_0759.jpg,Buena calidad
image_0760.jpg,Buena calidad
image_0763.jpg,Buena calidad
image_0764.jpg,Buena calidad
image_0765.jpg,Buena calidad
image_0766.jpg,Buena calidad
image_0768.jpg,Buena calidad
image_0769.jpg,Buena calidad
image_0770.jpg,Buena calidad
image_0771.jpg,Buena calidad
image_0772.jpg,Buena calidad
image_0773.jpg,Buena calidad
image_0774.jpg,Buena calidad
image_0775.jpg,Buena calidad
image_0776.jpg,Buena calidad
image_0777.jpg,Buena calidad
image_0778.jpg,Buena calidad
image_0779.jpg,Buena calidad
image_0780.jpg,Buena calidad
image_0781.jpg,Buena calidad
image_0782.jpg,Buena calidad
image_0783.jpg,Buena calidad
image_0788.jpg,Buena calidad
image_0790.jpg,Buena calidad
image_0791.jpg,Buena calidad
image_0792.jpg,Buena calidad
image_0794.jpg,Buena calidad
image_0795.jpg,Buena calidad
image_0796.jpg,Buena calidad
image_0798.jpg,Buena calidad
image_0799.jpg,Buena calidad
image_0800.jpg,Buena calidad
image_0801.jpg,Buena calidad
image_0803.jpg,Buena calidad
image_0806.jpg,Buena calidad
image_0807.jpg,Buena calidad
image_0809.jpg,Buena calidad
image_0810.jpg,Buena calidad
image_0812.jpg,Buena calidad
image_0813.jpg,Buena calidad
image_0814.jpg,Buena calidad
image_0815.jpg,Buena calidad
image_0816.jpg,Buena calidad
image_0817.jpg,Buena calidad
image_0818.jpg,Buena calidad
image_0819.jpg,Buena calidad
image_0820.jpg,Buena calidad
image_0821.jpg,Buena calidad
image_0822.jpg,Buena calidad
image_0823.jpg,Buena calidad
image_0826.jpg,Buena calidad
image_0827.jpg,Buena calidad
image_0828.jpg,Buena calidad
image_0829.jpg,Buena calidad
image_0830.jpg,Buena calidad
image_0831.jpg,Buena calidad
image_0832.jpg,Buena calidad
image_0833.jpg,Buena calidad
image_0834.jpg,Buena calidad
image_0836.jpg,Buena calidad
image_0837.jpg,Buena calidad
image_0838.jpg,Buena calidad
image_0839.jpg,Buena calidad
image_0840.jpg,Buena calidad
image_0841.jpg,Buena calidad
image_0842.jpg,Buena calidad
image_0843.jpg,Buena calidad
image_0844.jpg,Buena calidad
image_0845.jpg,Buena calidad
image_0846.jpg,Buena calidad
image_0848.jpg,Buena calidad
image_0849.jpg,Buena calidad
image_0850.jpg,Buena calidad
image_0851.jpg,Buena calidad
image_0852.jpg,Buena calidad
image_0853.jpg,Buena calidad
image_0854.jpg,Buena calidad
image_0855.jpg,Buena calidad
image_0856.jpg,Buena calidad
image_0857.jpg,Buena calidad
image_0859.jpg,Buena calidad
image_0861.jpg,Buena calidad
image_0863.jpg,Buena calidad
image_0865.jpg,Buena calidad
image_0867.jpg,Buena calidad
image_0868.jpg,Buena calidad
image_0869.jpg,Buena calidad
image_0870.jpg,Buena calidad
image_0873.jpg,Buena calidad
image_0874.jpg,Buena calidad
image_0876.jpg,Buena calidad
image_0877.jpg,Buena calidad
image_0878.jpg,Buena calidad
image_0881.jpg,Buena calidad
image_0882.jpg,Buena calidad
image_0884.jpg,Buena calidad
image_0885.jpg,Buena calidad
image_0886.jpg,Buena calidad
image_0887.jpg,Buena calidad
image_0888.jpg,Buena calidad
image_0889.jpg,Buena calidad
image_0890.jpg,Buena calidad
image_0892.jpg,Buena calidad
image_0893.jpg,Buena calidad
image_0895.jpg,Buena calidad
image_0896.jpg,Buena calidad
image_0898.jpg,Buena calidad
image_0899.jpg,Buena calidad
image_0900.jpg,Buena calidad
image_0901.jpg,Buena calidad
image_0902.jpg,Buena calidad
image_0904.jpg,Buena calidad
image_0905.jpg,Buena calidad
image_0906.jpg,Buena calidad
image_0907.jpg,Buena calidad
image_0908.jpg,Buena calidad
image_0909.jpg,Buena calidad
image_0910.jpg,Buena calidad
image_0912.jpg,Buena calidad
image_0913.jpg,Buena calidad
image_0915.jpg,Buena calidad
image_0917.jpg,Buena calidad
image_0918.jpg,Buena calidad
image_0920.jpg,Buena calidad
image_0921.jpg,Buena calidad
image_0922.jpg,Buena calidad
image_0923.jpg,Buena calidad
image_0924.jpg,Buena calidad
image_0925.jpg,Buena calidad
image_0926.jpg,Buena calidad
image_0927.jpg,Buena calidad
image_0928.jpg,Buena calidad
image_0929.jpg,Buena calidad
image_0931.jpg,Buena calidad
image_0932.jpg,Buena calidad
image_0933.jpg,Buena calidad
image_0934.jpg,Buena calidad
image_0936.jpg,Buena calidad
image_0937.jpg,Buena calidad
image_0938.jpg,Buena calidad
image_0939.jpg,Buena calidad
image_0940.jpg,Buena calidad
image_0941.jpg,Buena calidad
image_0944.jpg,Buena calidad
image_0945.jpg,Buena calidad
image_0946.jpg,Buena calidad
image_0948.jpg,Buena calidad
image_0950.jpg,Buena calidad
image_0951.jpg,Buena calidad
image_0952.jpg,Buena calidad
image_0954.jpg,Buena calidad
image_0955.jpg,Buena calidad
image_0957.jpg,Buena calidad
image_0960.jpg,Buena calidad
image_0961.jpg,Buena calidad
image_0962.jpg,Buena calidad
image_0964.jpg,Buena calidad
image_0965.jpg,Buena calidad
image_0967.jpg,Buena calidad
image_0968.jpg,Buena calidad
image_0969.jpg,Buena calidad
image_0971.jpg,Buena calidad
image_0972.jpg,Buena calidad
image_0973.jpg,Buena calidad
image_0974.jpg,Buena calidad
image_0975.jpg,Buena calidad
image_0977.jpg,Buena calidad
image_0978.jpg,Buena calidad
image_0979.jpg,Buena calidad
image_0980.jpg,Buena calidad
image_0981.jpg,Buena calidad
image_0982.jpg,Buena calidad
image_0983.jpg,Buena calidad
image_0985.jpg,Buena calidad
image_0986.jpg,Buena calidad
image_0987.jpg,Buena calidad
image_0989.jpg,Buena calidad
image_0990.jpg,Buena calidad
image_0991.jpg,Buena calidad
image_0993.jpg,Buena calidad
image_0994.jpg,Buena calidad
image_0995.jpg,Buena calidad
image_0996.jpg,Buena calidad
image_0997.jpg,Buena calidad
image_0998.jpg,Buena calidad
image_0999.jpg,Buena calidad
image_1000.jpg,Buena calidad
image_1001.jpg,Buena calidad
image_1002.jpg,Buena calidad
image_1003.jpg,Buena calidad
image_1004.jpg,Buena calidad
image_1006.jpg,Buena calidad
image_1007.jpg,Buena calidad
image_1008.jpg,Buena calidad
image_1010.jpg,Buena calidad
image_1011.jpg,Buena calidad
image_1013.jpg,Buena calidad
image_1014.jpg,Buena calidad
image_1018.jpg,Buena calidad
image_1021.jpg,Buena calidad
image_1024.jpg,Buena calidad
image_1025.jpg,Buena calidad
image_1026.jpg,Buena calidad
image_1027.jpg,Buena calidad
image_1028.jpg,Buena calidad
image_1029.jpg,Buena calidad
image_1030.jpg,Buena calidad
image_1032.jpg,Buena calidad
image_1033.jpg,Buena calidad
image_1034.jpg,Buena calidad
image_1036.jpg,Buena calidad
image_1037.jpg,Buena calidad
image_1038.jpg,Buena calidad
image_1041.jpg,Buena calidad
image_1043.jpg,Buena calidad
image_1044.jpg,Buena calidad
image_1045.jpg,Buena calidad
image_1046.jpg,Buena calidad
image_1047.jpg,Buena calidad
image_1049.jpg,Buena calidad
image_1050.jpg,Buena calidad
image_1052.jpg,Buena calidad
image_1053.jpg,Buena calidad
image_1054.jpg,Buena calidad
image_1056.jpg,Buena calidad
image_1057.jpg,Buena calidad
image_1058.jpg,Buena calidad
image_1059.jpg,Buena calidad
image_1060.jpg,Buena calidad
image_1061.jpg,Buena calidad
image_1062.jpg,Buena calidad
image_1063.jpg,Buena calidad
image_1064.jpg,Buena calidad
image_1065.jpg,Buena calidad
image_1066.jpg,Buena calidad
image_1067.jpg,Buena calidad
image_1069.jpg,Buena calidad
image_1072.jpg,Buena calidad
image_1074.jpg,Buena calidad
image_1075.jpg,Buena calidad
image_1076.jpg,Buena calidad
image_1077.jpg,Buena calidad
image_1080.jpg,Buena calidad
image_1081.jpg,Buena calidad
image_1082.jpg,Buena calidad
image_1084.jpg,Buena calidad
image_1085.jpg,Buena calidad
image_1088.jpg,Buena calidad
image_1090.jpg,Buena calidad
image_1091.jpg,Buena calidad
image_1092.jpg,Buena calidad
image_1093.jpg,Buena calidad
image_1094.jpg,Buena calidad
image_1095.jpg,Buena calidad
image_1097.jpg,Buena calidad
image_1099.jpg,Buena calidad
image_1100.jpg,Buena calidad
image_1101.jpg,Buena calidad
image_1103.jpg,Buena calidad
image_1104.jpg,Buena calidad
image_1105.jpg,Buena calidad
image_1106.jpg,Buena calidad
image_1108.jpg,Buena calidad
image_1109.jpg,Buena calidad
image_1111.jpg,Buena calidad
image_1114.jpg,Buena calidad
image_1115.jpg,Buena calidad
image_1116.jpg,Buena calidad
image_1117.jpg,Buena calidad
image_1118.jpg,Buena calidad
image_1119.jpg,Buena calidad
image_1120.jpg,Buena calidad
image_1121.jpg,Buena calidad
image_1122.jpg,Buena calidad
image_1123.jpg,Buena calidad
image_1124.jpg,Buena calidad
image_1125.jpg,Buena calidad
image_1126.jpg,Buena calidad
image_1128.jpg,Buena calidad
image_1129.jpg,Buena calidad
image_1130.jpg,Buena calidad
image_1131.jpg,Buena calidad
image_1132.jpg,Buena calidad
image_1133.jpg,Buena calidad
image_1135.jpg,Buena calidad
image_1136.jpg,Buena calidad
image_1137.jpg,Buena calidad
image_1138.jpg,Buena calidad
image_1140.jpg,Buena calidad
image_1141.jpg,Buena calidad
image_1142.jpg,Buena calidad
image_1143.jpg,Buena calidad
image_1144.jpg,Buena calidad
image_1145.jpg,Buena calidad
image_1147.jpg,Buena calidad
image_1148.jpg,Buena calidad
image_1149.jpg,Buena calidad
image_1151.jpg,Buena calidad
image_1152.jpg,Buena calidad
image_1153.jpg,Buena calidad
image_1154.jpg,Buena calidad
image_1155.jpg,Buena calidad
image_1156.jpg,Buena calidad
image_1157.jpg,Buena calidad
image_1159.jpg,Buena calidad
image_1160.jpg,Buena calidad
image_1161.jpg,Buena calidad
image_1163.jpg,Buena calidad
image_1164.jpg,Buena calidad
image_1166.jpg,Buena calidad
image_1169.jpg,Buena calidad
image_1170.jpg,Buena calidad
image_1171.jpg,Buena calidad
image_1173.jpg,Buena calidad
image_1174.jpg,Buena calidad
image_1175.jpg,Buena calidad
image_1176.jpg,Buena calidad
image_1177.jpg,Buena calidad
image_1178.jpg,Buena calidad
image_1179.jpg,Buena calidad
image_1180.jpg,Buena calidad
image_1182.jpg,Buena calidad
image_1183.jpg,Buena calidad
image_1184.jpg,Buena calidad
image_1185.jpg,Buena calidad
image_1186.jpg,Buena calidad
image_1187.jpg,Buena calidad
image_1188.jpg,Buena calidad
image_1191.jpg,Buena calidad
image_1192.jpg,Buena calidad
image_1193.jpg,Buena calidad
image_1194.jpg,Buena calidad
image_1200.jpg,Buena calidad
image_1201.jpg,Buena calidad
image_1202.jpg,Buena calidad
image_1203.jpg,Buena calidad
image_1204.jpg,Buena calidad
image_1205.jpg,Buena calidad
image_1206.jpg,Buena calidad
image_1207.jpg,Buena calidad
image_1208.jpg,Buena calidad
image_1209.jpg,Buena calidad
image_1210.jpg,Buena calidad
image_1211.jpg,Buena calidad
image_1212.jpg,Buena calidad
image_1213.jpg,Buena calidad
image_1216.jpg,Buena calidad
image_1219.jpg,Buena calidad
image_1220.jpg,Buena calidad
image_1223.jpg,Buena calidad
image_1224.jpg,Buena calidad
image_1225.jpg,Buena calidad
image_1226.jpg,Buena calidad
image_1227.jpg,Buena calidad
image_1228.jpg,Buena calidad
image_1229.jpg,Buena calidad
image_1230.jpg,Buena calidad
image_1231.jpg,Buena calidad
image_1232.jpg,Buena calidad
image_1233.jpg,Buena calidad
image_1234.jpg,Buena calidad
image_1236.jpg,Buena calidad
image_1237.jpg,Buena calidad
image_1238.jpg,Buena calidad
image_1240.jpg,Buena calidad
image_1241.jpg,Buena calidad
image_1244.jpg,Buena calidad
image_1245.jpg,Buena calidad
image_1247.jpg,Buena calidad
image_1248.jpg,Buena calidad
image_1249.jpg,Buena calidad
image_1251.jpg,Buena calidad
image_1252.jpg,Buena calidad
image_1253.jpg,Buena calidad
image_1254.jpg,Buena calidad
image_1255.jpg,Buena calidad
image_1256.jpg,Buena calidad
image_1259.jpg,Buena calidad
image_1260.jpg,Buena calidad
image_1261.jpg,Buena calidad
image_1262.jpg,Buena calidad
image_1263.jpg,Buena calidad
image_1264.jpg,Buena calidad
image_1265.jpg,Buena calidad
image_1266.jpg,Buena calidad
image_1268.jpg,Buena calidad
image_1269.jpg,Buena calidad
image_1270.jpg,Buena calidad
image_1271.jpg,Buena calidad
image_1274.jpg,Buena calidad
image_1275.jpg,Buena calidad
image_1276.jpg,Buena calidad
image_1277.jpg,Buena calidad
image_1278.jpg,Buena calidad
image_1281.jpg,Buena calidad
image_1282.jpg,Buena calidad
image_1283.jpg,Buena calidad
image_1284.jpg,Buena calidad
image_1285.jpg,Buena calidad
image_1286.jpg,Buena calidad
image_1287.jpg,Buena calidad
image_1288.jpg,Buena calidad
image_1290.jpg,Buena calidad
image_1291.jpg,Buena calidad
image_1293.jpg,Buena calidad
image_1294.jpg,Buena calidad
image_1295.jpg,Buena calidad
image_1298.jpg,Buena calidad
image_1300.jpg,Buena calidad
image_1302.jpg,Buena calidad
image_1304.jpg,Buena calidad
image_1305.jpg,Buena calidad
image_1306.jpg,Buena calidad
image_1307.jpg,Buena calidad
image_1308.jpg,Buena calidad
image_1309.jpg,Buena calidad
image_1310.jpg,Buena calidad
image_1311.jpg,Buena calidad
image_1313.jpg,Buena calidad
image_1314.jpg,Buena calidad
image_1316.jpg,Buena calidad
image_1318.jpg,Buena calidad
image_1319.jpg,Buena calidad
image_1320.jpg,Buena calidad
image_1321.jpg,Buena calidad
image_1322.jpg,Buena calidad
image_1323.jpg,Buena calidad
image_1324.jpg,Buena calidad
image_1325.jpg,Buena calidad
image_1326.jpg,Buena calidad
image_1327.jpg,Buena calidad
image_1328.jpg,Buena calidad
image_1329.jpg,Buena calidad
image_1330.jpg,Buena calidad
image_1331.jpg,Buena calidad
image_1332.jpg,Buena calidad
image_1333.jpg,Buena calidad
image_1336.jpg,Buena calidad
image_1338.jpg,Buena calidad
image_1339.jpg,Buena calidad
image_1340.jpg,Buena calidad
image_1341.jpg,Buena calidad
image_1343.jpg,Buena calidad
image_1344.jpg,Buena calidad
image_1345.jpg,Buena calidad
image_1346.jpg,Buena calidad
image_1347.jpg,Buena calidad
image_1348.jpg,Buena calidad
image_1349.jpg,Buena calidad
image_1350.jpg,Buena calidad
image_1351.jpg,Buena calidad
image_1352.jpg,Buena calidad
image_1355.jpg,Buena calidad
image_1356.jpg,Buena calidad
image_1357.jpg,Buena calidad
image_1358.jpg,Buena calidad
image_1359.jpg,Buena calidad
image_1360.jpg,Buena calidad
image_1361.jpg,Buena calidad
image_1362.jpg,Buena calidad
image_1364.jpg,Buena calidad
image_1365.jpg,Buena calidad
image_1367.jpg,Buena calidad
image_1368.jpg,Buena calidad
image_1369.jpg,Buena calidad
image_1370.jpg,Buena calidad
image_1371.jpg,Buena calidad
image_1372.jpg,Buena calidad
image_1373.jpg,Buena calidad
image_1374.jpg,Buena calidad
image_1375.jpg,Buena calidad
image_1376.jpg,Buena calidad
image_1378.jpg,Buena calidad
image_1379.jpg,Buena calidad
image_1380.jpg,Buena calidad
image_1381.jpg,Buena calidad
image_1382.jpg,Buena calidad
image_1383.jpg,Buena calidad
image_1385.jpg,Buena calidad
image_1388.jpg,Buena calidad
image_1389.jpg,Buena calidad
image_1390.jpg,Buena calidad
image_1391.jpg,Buena calidad
image_1392.jpg,Buena calidad
image_1393.jpg,Buena calidad
image_1395.jpg,Buena calidad
image_1396.jpg,Buena calidad
image_1397.jpg,Buena calidad
image_1398.jpg,Buena calidad
image_1399.jpg,Buena calidad
image_1402.jpg,Buena calidad
image_1403.jpg,Buena calidad
image_1405.jpg,Buena calidad
image_1406.jpg,Buena calidad
image_1408.jpg,Buena calidad
image_1410.jpg,Buena calidad
image_1411.jpg,Buena calidad
image_1412.jpg,Buena calidad
image_1413.jpg,Buena calidad
image_1414.jpg,Buena calidad
image_1415.jpg,Buena calidad
image_1416.jpg,Buena calidad
image_1417.jpg,Buena calidad
image_1418.jpg,Buena calidad
image_1419.jpg,Buena calidad
image_1420.jpg,Buena calidad
image_1423.jpg,Buena calidad
image_1425.jpg,Buena calidad
image_1427.jpg,Buena calidad
image_1429.jpg,Buena calidad
image_1430.jpg,Buena calidad
image_1432.jpg,Buena calidad
image_1433.jpg,Buena calidad
image_1434.jpg,Buena calidad
image_1435.jpg,Buena calidad
image_1436.jpg,Buena calidad
image_1438.jpg,Buena calidad
image_1439.jpg,Buena calidad
image_1440.jpg,Buena calidad
image_1441.jpg,Buena calidad
image_1442.jpg,Buena calidad
image_1443.jpg,Buena calidad
image_1444.jpg,Buena calidad
image_1446.jpg,Buena calidad
image_1447.jpg,Buena calidad
image_1448.jpg,Buena calidad
image_1449.jpg,Buena calidad
image_1450.jpg,Buena calidad
image_1451.jpg,Buena calidad
image_1453.jpg,Buena calidad
image_1454.jpg,Buena calidad
image_1455.jpg,Buena calidad
image_1456.jpg,Buena calidad
image_1458.jpg,Buena calidad
image_1459.jpg,Buena calidad
image_1460.jpg,Buena calidad
image_1462.jpg,Buena calidad
image_1463.jpg,Buena calidad
image_1464.jpg,Buena calidad
image_1465.jpg,Buena calidad
image_1466.jpg,Buena calidad
image_1467.jpg,Buena calidad
image_1468.jpg,Buena calidad
image_1469.jpg,Buena calidad
image_1470.jpg,Buena calidad
image_1471.jpg,Buena calidad
image_1472.jpg,Buena calidad
image_1473.jpg,Buena calidad
image_1474.jpg,Buena calidad
image_1475.jpg,Buena calidad
image_1477.jpg,Buena calidad
image_1478.jpg,Buena calidad
image_1479.jpg,Buena calidad
image_1481.jpg,Buena calidad
image_1483.jpg,Buena calidad
image_1487.jpg,Buena calidad
image_1489.jpg,Buena calidad
image_1491.jpg,Buena calidad
image_1492.jpg,Buena calidad
image_1493.jpg,Buena calidad
image_1494.jpg,Buena calidad
image_1495.jpg,Buena calidad
image_1497.jpg,Buena calidad
image_1498.jpg,Buena calidad
image_1499.jpg,Buena calidad
image_1501.jpg,Buena calidad
image_1502.jpg,Buena calidad
image_1503.jpg,Buena calidad
image_1504.jpg,Buena calidad
image_1506.jpg,Buena calidad
image_1507.jpg,Buena calidad
image_1508.jpg,Buena calidad
image_1509.jpg,Buena calidad
image_1510.jpg,Buena calidad
image_1511.jpg,Buena calidad
image_1512.jpg,Buena calidad
image_1513.jpg,Buena calidad
image_1516.jpg,Buena calidad
image_1517.jpg,Buena calidad
image_1518.jpg,Buena calidad
image_1519.jpg,Buena calidad
image_1523.jpg,Buena calidad
image_1524.jpg,Buena calidad
image_1526.jpg,Buena calidad
image_1527.jpg,Buena calidad
image_1528.jpg,Buena calidad
image_1529.jpg,Buena calidad
image_1530.jpg,Buena calidad
image_1531.jpg,Buena calidad
image_1532.jpg,Buena calidad
image_1535.jpg,Buena calidad
image_1536.jpg,Buena calidad
image_1538.jpg,Buena calidad
image_1539.jpg,Buena calidad
image_1540.jpg,Buena calidad
image_1541.jpg,Buena calidad
image_1542.jpg,Buena calidad
image_1543.jpg,Buena calidad
image_1544.jpg,Buena calidad
image_1545.jpg,Buena calidad
image_1546.jpg,Buena calidad
image_1547.jpg,Buena calidad
image_1548.jpg,Buena calidad
image_1549.jpg,Buena calidad
image_1550.jpg,Buena calidad
image_1551.jpg,Buena calidad
image_1552.jpg,Buena calidad
image_1553.jpg,Buena calidad
image_1554.jpg,Buena calidad
image_1555.jpg,Buena calidad
image_1556.jpg,Buena calidad
image_1557.jpg,Buena calidad
image_1560.jpg,Buena calidad
image_1561.jpg,Buena calidad
image_1562.jpg,Buena calidad
image_1563.jpg,Buena calidad
image_1564.jpg,Buena calidad
image_1565.jpg,Buena calidad
image_1567.jpg,Buena calidad
image_1569.jpg,Buena calidad
